# file	nobj	faces	area
V1/v1_Camera.3dm	87	119	2841.2434
V1/v1_DeformCubes.3dm	25	30	3243.3543
V1/v1_DeformSpheres.3dm	4	4	4724.9687
V1/v1_Flow1.3dm	3	0	0.0000
V1/v1_Flow2.3dm	10	3	1411.2787
V1/v1_Flow3.3dm	6	0	0.0000
V1/v1_HumanHead1.3dm	76	23	5635.0379
V1/v1_HumanHead2.3dm	10	10	4096.1548
V1/v1_Hypercycloid.3dm	4	0	0.0000
V1/v1_Lightbulb.3dm	58	110	21890.7673
V1/v1_MatchSrf.3dm	38	26	33454.2736
V1/v1_Patch.3dm	72	83	14097.7692
V1/v1_RhinoLogo.3dm	6	22	1057.2102
V1/v1_SketchOnMesh.3dm	116	8	113650.7480
V1/v1_Smooth.3dm	50	4	4145.4334
V1/v1_Soccer.3dm	42	26	719.9816
V1/v1_Speeder.3dm	12	2	3650.0078
V1/v1_SphericalSpiral.3dm	12	4	8560.2946
V1/v1_Stearman.3dm	107	1	730.0816
V1/v1_T-Joint1.3dm	12	20	2050.3487
V1/v1_T-Joint2.3dm	25	18	2257.1454
V1/v1_Terrain.3dm	8	1	910.4292
V1/v1_UntrimmedSurfaces.3dm	26	141	8695.7916
V1/v1_five_solids.3dm	5	13	747.0445
V1/v1_three_curves.3dm	2	0	0.0000
V1/v1_three_points.3dm	0	0	0.0000
V2/v2_23_points.3dm	0	0	0.0000
V2/v2_5_curves.3dm	5	0	0.0000
V2/v2_Camera.3dm	95	119	2841.2434
V2/v2_DeformCubes.3dm	25	30	3243.3543
V2/v2_DeformSpheres.3dm	4	4	4724.9687
V2/v2_Flow1.3dm	4	0	0.0000
V2/v2_Flow2.3dm	16	3	1411.2787
V2/v2_Flow3.3dm	8	0	0.0000
V2/v2_HumanHead1.3dm	70	20	5464.9628
V2/v2_HumanHead2.3dm	10	10	4096.1548
V2/v2_Hypercycloid.3dm	37	0	0.0000
V2/v2_Lightbulb.3dm	60	110	21890.7673
V2/v2_MatchSrf.3dm	38	26	33454.1255
V2/v2_Patch.3dm	75	83	14097.7692
V2/v2_RhinoLogo.3dm	6	22	1057.2102
V2/v2_SketchOnMesh.3dm	160	8	113650.7480
V2/v2_Smooth.3dm	56	4	4145.4334
V2/v2_Soccer.3dm	139	26	719.9816
V2/v2_Speeder.3dm	17	2	3650.0078
V2/v2_SphericalSpiral.3dm	28	4	8560.2946
V2/v2_Stearman.3dm	116	1	730.0816
V2/v2_T-Joint1.3dm	12	20	2050.3487
V2/v2_T-Joint2.3dm	39	18	2257.1454
V2/v2_Terrain.3dm	8	1	910.4292
V2/v2_UntrimmedSurfaces.3dm	49	141	8695.7916
V2/v2_my_brep.3dm	1	6	520.8633
V2/v2_my_curves.3dm	4	0	0.0000
V2/v2_my_mesh.3dm	0	0	0.0000
V2/v2_my_mesh_with_material.3dm	0	0	0.0000
V2/v2_my_spot_light.3dm	1	1	1.0000
V2/v2_my_surfaces.3dm	1	1	13.8608
V2/v2_my_trimmed_surface.3dm	1	1	0.2550
V2/v2_my_viewports.3dm	0	0	0.0000
V2/v2_point_with_user_Data.3dm	0	0	0.0000
V3/v3_Camera.3dm	86	119	2841.2533
V3/v3_DeformCubes.3dm	25	30	3243.3543
V3/v3_DeformSpheres.3dm	4	4	4724.9687
V3/v3_Flow1.3dm	3	0	0.0000
V3/v3_Flow2.3dm	10	3	1411.2787
V3/v3_Flow3.3dm	6	0	0.0000
V3/v3_HumanHead1.3dm	72	23	5635.0379
V3/v3_HumanHead2.3dm	10	10	4096.1548
V3/v3_Hypercycloid.3dm	2	0	0.0000
V3/v3_Lightbulb.3dm	58	110	21890.7673
V3/v3_MatchSrf.3dm	36	26	33454.1255
V3/v3_Patch.3dm	70	83	14097.7692
V3/v3_RhinoLogo.3dm	6	22	1057.2102
V3/v3_SketchOnMesh.3dm	116	8	113650.7480
V3/v3_Smooth.3dm	46	4	4145.4334
V3/v3_Soccer.3dm	30	26	719.9816
V3/v3_Speeder.3dm	12	2	3650.0078
V3/v3_SphericalSpiral.3dm	11	4	8560.2946
V3/v3_Stearman.3dm	101	1	730.0816
V3/v3_T-Joint1.3dm	9	20	2050.3487
V3/v3_T-Joint2.3dm	17	18	2257.1454
V3/v3_Terrain.3dm	8	1	910.4292
V3/v3_UntrimmedSurfaces.3dm	19	141	8695.7916
V3/v3_my_brep.3dm	1	6	520.8633
V3/v3_my_curves.3dm	1	0	0.0000
V3/v3_my_mesh.3dm	0	0	0.0000
V3/v3_my_mesh_with_material.3dm	0	0	0.0000
V3/v3_my_points.3dm	0	0	0.0000
V3/v3_my_spot_light.3dm	1	1	1.0000
V3/v3_my_surfaces.3dm	1	1	13.8608
V3/v3_my_trimmed_surface.3dm	1	1	0.2550
V3/v3_my_viewports.3dm	0	0	0.0000
V3/v3_point_with_user_Data.3dm	0	0	0.0000
V4/v4_DVDCase_Solid.3dm	1	538	189.9743
V4/v4_DinerMug.3dm	1	4	34266.3265
V4/v4_Fluted_Cup.3dm	2	131	21877.5750
V4/v4_Gear.3dm	1	128	401.3705
V4/v4_MechPartA.3dm	1	41	124.9647
V4/v4_MechPartB.3dm	1	14	154.5158
V4/v4_PerfumeBottle_Solid.3dm	2	260	110504.1204
V4/v4_Prarie settle.3dm	101	1211	16598.4037
V4/v4_RhinoPhone.3dm	17	370	44957.1643
V4/v4_SaltAndPepper.3dm	2	98	26106.1245
V4/v4_SolidHandle.3dm	1	37	73452.0111
V4/v4_TreeFrog.3dm	1	83	6.6712
V4/v4_Wheel_PG.3dm	11	167	2569541.6639
V4/v4_WishBone.3dm	1	6	1076.6013
V4/v4_example_file.3dm	9	10	2818.2246
V5/v5_clip.3dm	16	1054	34.9162
V5/v5_disk_brake.3dm	66	888	7056.7976
V5/v5_dril.3dm	0	0	0.0000
V5/v5_example_file.3dm	12	21	11098.4008
V5/v5_extrusions.3dm	12	20	3585.2568
V5/v5_my_brep.3dm	1	6	520.8633
V5/v5_my_curves.3dm	1	0	0.0000
V5/v5_my_mesh.3dm	0	0	0.0000
V5/v5_my_mesh_with_material.3dm	0	0	0.0000
V5/v5_my_point_with_user_data.3dm	0	0	0.0000
V5/v5_my_points.3dm	0	0	0.0000
V5/v5_my_spot_light.3dm	1	1	1.0000
V5/v5_my_surfaces.3dm	1	1	13.8608
V5/v5_my_trimmed_surface.3dm	1	1	0.2550
V5/v5_my_viewports.3dm	0	0	0.0000
V5/v5_rhino_logo.3dm	6	22	1057.4517
V5/v5_ring.3dm	1	21	43370.3528
V5/v5_teacup.3dm	6	136	22822.0907
V5/v5_teapot.3dm	3	104	57471.6504
V6/V6_annotation.3dm	1	0	0.0000
V6/my_curves.3dm	1	0	0.0000
V6/my_mesh.3dm	0	0	0.0000
V6/my_mesh_with_material.3dm	0	0	0.0000
V6/my_points.3dm	0	0	0.0000
V6/my_spot_light.3dm	1	1	1.0000
V6/my_surfaces.3dm	0	0	0.0000
V6/my_trimmed_surface.3dm	1	1	0.2550
V6/my_viewports.3dm	1	1	1259.5580
V6/v6_rhino_logo.3dm	6	22	1057.4517
V6/v6_rhino_subd_logo.3dm	0	0	0.0000
# DONE
