file	imp_nobj	imp_faces	imp_area	ser_nobj	ser_area	ser_over_imp	flag
V1/v1_Camera.3dm	87	119	2841.2434	99	2844.4778	1.001	ok
V1/v1_DeformCubes.3dm	25	30	3243.3543	25	3243.3543	1.000	ok
V1/v1_DeformSpheres.3dm	4	4	4724.9687	4	4721.7679	0.999	ok
V1/v1_Flow1.3dm	3	0	0.0000	4	0.0000		no-surface
V1/v1_Flow2.3dm	10	3	1411.2787	16	1411.2787	1.000	ok
V1/v1_Flow3.3dm	6	0	0.0000	10	985.0127		imp-zero
V1/v1_HumanHead1.3dm	76	23	5635.0379	81	5635.9159	1.000	ok
V1/v1_HumanHead2.3dm	10	10	4096.1548	10	4096.1548	1.000	ok
V1/v1_Hypercycloid.3dm	4	0	0.0000	37	0.0000		no-surface
V1/v1_Lightbulb.3dm	58	110	21890.7673	60	21896.2254	1.000	ok
V1/v1_MatchSrf.3dm	38	26	33454.2736	38	33403.7133	0.998	ok
V1/v1_Patch.3dm	72	83	14097.7692	80	14091.5955	1.000	ok
V1/v1_RhinoLogo.3dm	6	22	1057.2102	6	1058.2427	1.001	ok
V1/v1_SketchOnMesh.3dm	116	8	113650.7480	161	208319.8904	1.833	SER_HIGH
V1/v1_Smooth.3dm	50	4	4145.4334	56	4145.4334	1.000	ok
V1/v1_Soccer.3dm	42	26	719.9816	1371	3819.6262	5.305	SER_HIGH
V1/v1_Speeder.3dm	12	2	3650.0078	17	3649.9400	1.000	ok
V1/v1_SphericalSpiral.3dm	12	4	8560.2946	28	8551.6040	0.999	ok
V1/v1_Stearman.3dm	107	1	730.0816	118	730.0816	1.000	ok
V1/v1_T-Joint1.3dm	12	20	2050.3487	17	2047.0181	0.998	ok
V1/v1_T-Joint2.3dm	25	18	2257.1454	39	2253.1574	0.998	ok
V1/v1_Terrain.3dm	8	1	910.4292	8	910.4292	1.000	ok
V1/v1_UntrimmedSurfaces.3dm	26	141	8695.7916	49	8691.4258	0.999	ok
V1/v1_five_solids.3dm	5	13	747.0445	5	745.7399	0.998	ok
V1/v1_three_curves.3dm	2	0	0.0000	3	0.0000		no-surface
V1/v1_three_points.3dm	0	0	0.0000	3	0.0000		no-surface
V2/v2_23_points.3dm	0	0	0.0000	23	0.0000		no-surface
V2/v2_5_curves.3dm	5	0	0.0000	5	0.0000		no-surface
V2/v2_Camera.3dm	95	119	2841.2434	99	2844.4778	1.001	ok
V2/v2_DeformCubes.3dm	25	30	3243.3543	25	3243.3543	1.000	ok
V2/v2_DeformSpheres.3dm	4	4	4724.9687	4	4721.7679	0.999	ok
V2/v2_Flow1.3dm	4	0	0.0000	4	0.0000		no-surface
V2/v2_Flow2.3dm	16	3	1411.2787	16	1411.2787	1.000	ok
V2/v2_Flow3.3dm	8	0	0.0000	10	985.0127		imp-zero
V2/v2_HumanHead1.3dm	70	20	5464.9628	79	5465.8757	1.000	ok
V2/v2_HumanHead2.3dm	10	10	4096.1548	10	4096.1548	1.000	ok
V2/v2_Hypercycloid.3dm	37	0	0.0000	37	0.0000		no-surface
V2/v2_Lightbulb.3dm	60	110	21890.7673	60	21896.2254	1.000	ok
V2/v2_MatchSrf.3dm	38	26	33454.1255	38	33403.7133	0.998	ok
V2/v2_Patch.3dm	75	83	14097.7692	80	14091.5955	1.000	ok
V2/v2_RhinoLogo.3dm	6	22	1057.2102	6	1058.2427	1.001	ok
V2/v2_SketchOnMesh.3dm	160	8	113650.7480	161	208319.8904	1.833	SER_HIGH
V2/v2_Smooth.3dm	56	4	4145.4334	56	4145.4334	1.000	ok
V2/v2_Soccer.3dm	139	26	719.9816	1371	3819.6262	5.305	SER_HIGH
V2/v2_Speeder.3dm	17	2	3650.0078	17	3649.9400	1.000	ok
V2/v2_SphericalSpiral.3dm	28	4	8560.2946	28	8551.6040	0.999	ok
V2/v2_Stearman.3dm	116	1	730.0816	118	730.0816	1.000	ok
V2/v2_T-Joint1.3dm	12	20	2050.3487	17	2047.0181	0.998	ok
V2/v2_T-Joint2.3dm	39	18	2257.1454	39	2253.1574	0.998	ok
V2/v2_Terrain.3dm	8	1	910.4292	8	910.4292	1.000	ok
V2/v2_UntrimmedSurfaces.3dm	49	141	8695.7916	49	8691.4258	0.999	ok
V2/v2_my_brep.3dm	1	6	520.8633	1	520.8633	1.000	ok
V2/v2_my_curves.3dm	4	0	0.0000	4	0.0000		no-surface
V2/v2_my_mesh.3dm	0	0	0.0000	1	31.7374		imp-zero
V2/v2_my_mesh_with_material.3dm	0	0	0.0000	1	35.9876		imp-zero
V2/v2_my_spot_light.3dm	1	1	1.0000	1	1.0000	1.000	ok
V2/v2_my_surfaces.3dm	1	1	13.8608	1	13.8608	1.000	ok
V2/v2_my_trimmed_surface.3dm	1	1	0.2550	1	0.2550	1.000	ok
V2/v2_my_viewports.3dm	0	0	0.0000	0	0.0000		no-surface
V2/v2_point_with_user_Data.3dm	0	0	0.0000	1	0.0000		no-surface
V3/v3_Camera.3dm	86	119	2841.2533	99	2844.4878	1.001	ok
V3/v3_DeformCubes.3dm	25	30	3243.3543	25	3243.3543	1.000	ok
V3/v3_DeformSpheres.3dm	4	4	4724.9687	4	4721.7679	0.999	ok
V3/v3_Flow1.3dm	3	0	0.0000	4	0.0000		no-surface
V3/v3_Flow2.3dm	10	3	1411.2787	16	1411.2787	1.000	ok
V3/v3_Flow3.3dm	6	0	0.0000	10	985.0127		imp-zero
V3/v3_HumanHead1.3dm	72	23	5635.0379	81	5635.9159	1.000	ok
V3/v3_HumanHead2.3dm	10	10	4096.1548	10	4096.1548	1.000	ok
V3/v3_Hypercycloid.3dm	2	0	0.0000	37	0.0000		no-surface
V3/v3_Lightbulb.3dm	58	110	21890.7673	60	21896.2254	1.000	ok
V3/v3_MatchSrf.3dm	36	26	33454.1255	38	33403.7133	0.998	ok
V3/v3_Patch.3dm	70	83	14097.7692	80	14091.5955	1.000	ok
V3/v3_RhinoLogo.3dm	6	22	1057.2102	6	1058.2427	1.001	ok
V3/v3_SketchOnMesh.3dm	116	8	113650.7480	161	208319.8904	1.833	SER_HIGH
V3/v3_Smooth.3dm	46	4	4145.4334	56	4145.4334	1.000	ok
V3/v3_Soccer.3dm	30	26	719.9816	1371	3819.6262	5.305	SER_HIGH
V3/v3_Speeder.3dm	12	2	3650.0078	17	3649.9400	1.000	ok
V3/v3_SphericalSpiral.3dm	11	4	8560.2946	28	8551.6040	0.999	ok
V3/v3_Stearman.3dm	101	1	730.0816	118	730.0816	1.000	ok
V3/v3_T-Joint1.3dm	9	20	2050.3487	17	2047.0181	0.998	ok
V3/v3_T-Joint2.3dm	17	18	2257.1454	39	2253.1574	0.998	ok
V3/v3_Terrain.3dm	8	1	910.4292	8	910.4292	1.000	ok
V3/v3_UntrimmedSurfaces.3dm	19	141	8695.7916	49	8691.4258	0.999	ok
V3/v3_my_brep.3dm	1	6	520.8633	1	520.8633	1.000	ok
V3/v3_my_curves.3dm	1	0	0.0000	4	0.0000		no-surface
V3/v3_my_mesh.3dm	0	0	0.0000	1	31.7374		imp-zero
V3/v3_my_mesh_with_material.3dm	0	0	0.0000	1	35.9876		imp-zero
V3/v3_my_points.3dm	0	0	0.0000	2	0.0000		no-surface
V3/v3_my_spot_light.3dm	1	1	1.0000	1	1.0000	1.000	ok
V3/v3_my_surfaces.3dm	1	1	13.8608	1	13.8608	1.000	ok
V3/v3_my_trimmed_surface.3dm	1	1	0.2550	1	0.2550	1.000	ok
V3/v3_my_viewports.3dm	0	0	0.0000	0	0.0000		no-surface
V3/v3_point_with_user_Data.3dm	0	0	0.0000	1	0.0000		no-surface
V4/v4_DVDCase_Solid.3dm	1	538	189.9743	2	189.9612	1.000	ok
V4/v4_DinerMug.3dm	1	4	34266.3265	1	42281.1333	1.234	SER_HIGH
V4/v4_Fluted_Cup.3dm	2	131	21877.5750	2	21967.4033	1.004	ok
V4/v4_Gear.3dm	1	128	401.3705	1	400.8824	0.999	ok
V4/v4_MechPartA.3dm	1	41	124.9647	1	124.7801	0.999	ok
V4/v4_MechPartB.3dm	1	14	154.5158	1	154.5148	1.000	ok
V4/v4_PerfumeBottle_Solid.3dm	2	260	110504.1204	2	110482.8137	1.000	ok
V4/v4_Prarie settle.3dm	101	1211	16598.4037	101	16598.3912	1.000	ok
V4/v4_RhinoPhone.3dm	17	370	44957.1643	17	44954.7995	1.000	ok
V4/v4_SaltAndPepper.3dm	2	98	26106.1245	2	26052.7257	0.998	ok
V4/v4_SolidHandle.3dm	1	37	73452.0111	1	73465.5096	1.000	ok
V4/v4_TreeFrog.3dm	1	83	6.6712	1	6.6718	1.000	ok
V4/v4_Wheel_PG.3dm	11	167	2569541.6639	13	2565261.7931	0.998	ok
V4/v4_WishBone.3dm	1	6	1076.6013	1	1077.3488	1.001	ok
V4/v4_example_file.3dm	9	10	2818.2246	19	5370.2739	1.906	SER_HIGH
V5/v5_clip.3dm	16	1054	34.9162	16	34.9196	1.000	ok
V5/v5_disk_brake.3dm	66	888	7056.7976	78	7056.3688	1.000	ok
V5/v5_dril.3dm	0	0	0.0000	23	1280.2662		imp-zero
V5/v5_example_file.3dm	12	21	11098.4008	26	22312.8405	2.010	SER_HIGH
V5/v5_extrusions.3dm	12	20	3585.2568	17	3548.6871	0.990	ok
V5/v5_my_brep.3dm	1	6	520.8633	1	520.8633	1.000	ok
V5/v5_my_curves.3dm	1	0	0.0000	4	0.0000		no-surface
V5/v5_my_mesh.3dm	0	0	0.0000	1	31.7374		imp-zero
V5/v5_my_mesh_with_material.3dm	0	0	0.0000	1	35.9876		imp-zero
V5/v5_my_point_with_user_data.3dm	0	0	0.0000	1	0.0000		no-surface
V5/v5_my_points.3dm	0	0	0.0000	2	0.0000		no-surface
V5/v5_my_spot_light.3dm	1	1	1.0000	1	1.0000	1.000	ok
V5/v5_my_surfaces.3dm	1	1	13.8608	1	13.8608	1.000	ok
V5/v5_my_trimmed_surface.3dm	1	1	0.2550	1	0.2550	1.000	ok
V5/v5_my_viewports.3dm	0	0	0.0000	0	0.0000		no-surface
V5/v5_rhino_logo.3dm	6	22	1057.4517	6	1058.1951	1.001	ok
V5/v5_ring.3dm	1	21	43370.3528	1	43369.9276	1.000	ok
V5/v5_teacup.3dm	6	136	22822.0907	6	21967.4036	0.963	ok
V5/v5_teapot.3dm	3	104	57471.6504	3	55546.5512	0.967	ok
V6/V6_annotation.3dm	1	0	0.0000	1	0.0000		no-surface
V6/my_curves.3dm	1	0	0.0000	4	0.0000		no-surface
V6/my_mesh.3dm	0	0	0.0000	1	31.7374		imp-zero
V6/my_mesh_with_material.3dm	0	0	0.0000	1	35.9876		imp-zero
V6/my_points.3dm	0	0	0.0000	2	0.0000		no-surface
V6/my_spot_light.3dm	1	1	1.0000	1	1.0000	1.000	ok
V6/my_surfaces.3dm	0	0	0.0000	0	0.0000		no-surface
V6/my_trimmed_surface.3dm	1	1	0.2550	1	0.2550	1.000	ok
V6/my_viewports.3dm	1	1	1259.5580	1	1256.6371	0.998	ok
V6/v6_rhino_logo.3dm	6	22	1057.4517	6	1058.1951	1.001	ok
V6/v6_rhino_subd_logo.3dm	0	0	0.0000	6	1240.0175		imp-zero
