# file	nobj	area
V1/v1_Camera.3dm	99	2844.4778
V1/v1_DeformCubes.3dm	25	3243.3543
V1/v1_DeformSpheres.3dm	4	4721.7679
V1/v1_Flow1.3dm	4	0.0000
V1/v1_Flow2.3dm	16	1411.2787
V1/v1_Flow3.3dm	10	985.0127
V1/v1_HumanHead1.3dm	81	5635.9159
V1/v1_HumanHead2.3dm	10	4096.1548
V1/v1_Hypercycloid.3dm	37	0.0000
V1/v1_Lightbulb.3dm	60	21896.2254
V1/v1_MatchSrf.3dm	38	33403.7133
V1/v1_Patch.3dm	80	14091.5955
V1/v1_RhinoLogo.3dm	6	1058.2427
V1/v1_SketchOnMesh.3dm	161	208319.8904
V1/v1_Smooth.3dm	56	4145.4334
V1/v1_Soccer.3dm	1371	3819.6262
V1/v1_Speeder.3dm	17	3649.9400
V1/v1_SphericalSpiral.3dm	28	8551.6040
V1/v1_Stearman.3dm	118	730.0816
V1/v1_T-Joint1.3dm	17	2047.0181
V1/v1_T-Joint2.3dm	39	2253.1574
V1/v1_Terrain.3dm	8	910.4292
V1/v1_UntrimmedSurfaces.3dm	49	8691.4258
V1/v1_five_solids.3dm	5	745.7399
V1/v1_three_curves.3dm	3	0.0000
V1/v1_three_points.3dm	3	0.0000
V2/v2_23_points.3dm	23	0.0000
V2/v2_5_curves.3dm	5	0.0000
V2/v2_Camera.3dm	99	2844.4778
V2/v2_DeformCubes.3dm	25	3243.3543
V2/v2_DeformSpheres.3dm	4	4721.7679
V2/v2_Flow1.3dm	4	0.0000
V2/v2_Flow2.3dm	16	1411.2787
V2/v2_Flow3.3dm	10	985.0127
V2/v2_HumanHead1.3dm	79	5465.8757
V2/v2_HumanHead2.3dm	10	4096.1548
V2/v2_Hypercycloid.3dm	37	0.0000
V2/v2_Lightbulb.3dm	60	21896.2254
V2/v2_MatchSrf.3dm	38	33403.7133
V2/v2_Patch.3dm	80	14091.5955
V2/v2_RhinoLogo.3dm	6	1058.2427
V2/v2_SketchOnMesh.3dm	161	208319.8904
V2/v2_Smooth.3dm	56	4145.4334
V2/v2_Soccer.3dm	1371	3819.6262
V2/v2_Speeder.3dm	17	3649.9400
V2/v2_SphericalSpiral.3dm	28	8551.6040
V2/v2_Stearman.3dm	118	730.0816
V2/v2_T-Joint1.3dm	17	2047.0181
V2/v2_T-Joint2.3dm	39	2253.1574
V2/v2_Terrain.3dm	8	910.4292
V2/v2_UntrimmedSurfaces.3dm	49	8691.4258
V2/v2_my_brep.3dm	1	520.8633
V2/v2_my_curves.3dm	4	0.0000
V2/v2_my_mesh.3dm	1	31.7374
V2/v2_my_mesh_with_material.3dm	1	35.9876
V2/v2_my_spot_light.3dm	1	1.0000
V2/v2_my_surfaces.3dm	1	13.8608
V2/v2_my_trimmed_surface.3dm	1	0.2550
V2/v2_my_viewports.3dm	0	0.0000
V2/v2_point_with_user_Data.3dm	1	0.0000
V3/v3_Camera.3dm	99	2844.4878
V3/v3_DeformCubes.3dm	25	3243.3543
V3/v3_DeformSpheres.3dm	4	4721.7679
V3/v3_Flow1.3dm	4	0.0000
V3/v3_Flow2.3dm	16	1411.2787
V3/v3_Flow3.3dm	10	985.0127
V3/v3_HumanHead1.3dm	81	5635.9159
V3/v3_HumanHead2.3dm	10	4096.1548
V3/v3_Hypercycloid.3dm	37	0.0000
V3/v3_Lightbulb.3dm	60	21896.2254
V3/v3_MatchSrf.3dm	38	33403.7133
V3/v3_Patch.3dm	80	14091.5955
V3/v3_RhinoLogo.3dm	6	1058.2427
V3/v3_SketchOnMesh.3dm	161	208319.8904
V3/v3_Smooth.3dm	56	4145.4334
V3/v3_Soccer.3dm	1371	3819.6262
V3/v3_Speeder.3dm	17	3649.9400
V3/v3_SphericalSpiral.3dm	28	8551.6040
V3/v3_Stearman.3dm	118	730.0816
V3/v3_T-Joint1.3dm	17	2047.0181
V3/v3_T-Joint2.3dm	39	2253.1574
V3/v3_Terrain.3dm	8	910.4292
V3/v3_UntrimmedSurfaces.3dm	49	8691.4258
V3/v3_my_brep.3dm	1	520.8633
V3/v3_my_curves.3dm	4	0.0000
V3/v3_my_mesh.3dm	1	31.7374
V3/v3_my_mesh_with_material.3dm	1	35.9876
V3/v3_my_points.3dm	2	0.0000
V3/v3_my_spot_light.3dm	1	1.0000
V3/v3_my_surfaces.3dm	1	13.8608
V3/v3_my_trimmed_surface.3dm	1	0.2550
V3/v3_my_viewports.3dm	0	0.0000
V3/v3_point_with_user_Data.3dm	1	0.0000
V4/v4_DVDCase_Solid.3dm	2	189.9612
V4/v4_DinerMug.3dm	1	42281.1333
V4/v4_Fluted_Cup.3dm	2	21967.4033
V4/v4_Gear.3dm	1	400.8824
V4/v4_MechPartA.3dm	1	124.7801
V4/v4_MechPartB.3dm	1	154.5148
V4/v4_PerfumeBottle_Solid.3dm	2	110482.8137
V4/v4_Prarie settle.3dm	101	16598.3912
V4/v4_RhinoPhone.3dm	17	44954.7995
V4/v4_SaltAndPepper.3dm	2	26052.7257
V4/v4_SolidHandle.3dm	1	73465.5096
V4/v4_TreeFrog.3dm	1	6.6718
V4/v4_Wheel_PG.3dm	13	2565261.7931
V4/v4_WishBone.3dm	1	1077.3488
V4/v4_example_file.3dm	19	5370.2739
V5/v5_clip.3dm	16	34.9196
V5/v5_disk_brake.3dm	78	7056.3688
V5/v5_dril.3dm	23	1280.2662
V5/v5_example_file.3dm	26	22312.8405
V5/v5_extrusions.3dm	17	3548.6871
V5/v5_my_brep.3dm	1	520.8633
V5/v5_my_curves.3dm	4	0.0000
V5/v5_my_mesh.3dm	1	31.7374
V5/v5_my_mesh_with_material.3dm	1	35.9876
V5/v5_my_point_with_user_data.3dm	1	0.0000
V5/v5_my_points.3dm	2	0.0000
V5/v5_my_spot_light.3dm	1	1.0000
V5/v5_my_surfaces.3dm	1	13.8608
V5/v5_my_trimmed_surface.3dm	1	0.2550
V5/v5_my_viewports.3dm	0	0.0000
V5/v5_rhino_logo.3dm	6	1058.1951
V5/v5_ring.3dm	1	43369.9276
V5/v5_teacup.3dm	6	21967.4036
V5/v5_teapot.3dm	3	55546.5512
V6/V6_annotation.3dm	1	0.0000
V6/my_curves.3dm	4	0.0000
V6/my_mesh.3dm	1	31.7374
V6/my_mesh_with_material.3dm	1	35.9876
V6/my_points.3dm	2	0.0000
V6/my_spot_light.3dm	1	1.0000
V6/my_surfaces.3dm	0	0.0000
V6/my_trimmed_surface.3dm	1	0.2550
V6/my_viewports.3dm	1	1256.6371
V6/v6_rhino_logo.3dm	6	1058.1951
V6/v6_rhino_subd_logo.3dm	6	1240.0175
# DONE
